{"cameraMode":{"drawMode":0,"name":"Shaded","section":"Shading Mode"},"sceneLighting":true,"audioPlay":false,"sceneViewState":{"showFog":true,"showMaterialUpdate":true,"showSkybox":true,"showFlares":true,"showImageEffects":true,"showParticleSystems":true},"in2DMode":false,"pivot":{"x":-0.07999999821186066,"y":3.997086524963379,"z":17.16779327392578},"rotation":{"x":0.009313328191637993,"y":0.004811761435121298,"z":-0.00004890418495051563,"w":0.9999451041221619},"size":46.225181579589847,"orthographic":false}